Max,35
Rosti,23
Amine,41
Nabil, 50
Jesus, 2035
God, 555555
Maude, 33
Max,35
Rosti,23
Amine,41
Nabil, 50
Jesus, 2035
God, 555555
Maude, 33
Max,35
Rosti,23
Amine,41
Nabil, 50
Jesus, 2035
God, 555555
Maude, 33
Max,35
Rosti,23
Amine,41
Nabil, 50
Jesus, 2035
God, 555555
Maude, 33
Max,35
Rosti,23
Amine,41
Nabil, 50
Jesus, 2035
God, 555555
Maude, 33
Max,35
Rosti,23
Amine,41
Nabil, 50
Jesus, 2035
God, 555555
Maude, 33
Max,35
Rosti,23
Amine,41
Nabil, 50
Jesus, 2035
God, 555555
Maude, 33
Max,35
Rosti,23
Amine,41
Nabil, 50
Jesus, 2035
God, 555555
Maude, 33
Max,35
Rosti,23
Amine,41
Nabil, 50
Jesus, 2035
God, 555555
Maude, 33
Max,35
Rosti,23
Amine,41
Nabil, 50
Jesus, 2035
God, 555555
Maude, 33
Max,35
Rosti,23
Amine,41
Nabil, 50
Jesus, 2035
God, 555555
Maude, 33
Max,35
Rosti,23
Amine,41
Nabil, 50
Jesus, 2035
God, 555555
Maude, 33
Max,35
Rosti,23
Amine,41
Nabil, 50
Jesus, 2035
God, 555555
Maude, 33
Max,35
Rosti,23
Amine,41
Nabil, 50
Jesus, 2035
God, 555555
Maude, 33
Max,35
Rosti,23
Amine,41
Nabil, 50
Jesus, 2035
God, 555555
Maude, 33
Max,35
Rosti,23
Amine,41
Nabil, 50
Jesus, 2035
God, 555555
Maude, 33
Max,35
Rosti,23
Amine,41
Nabil, 50
Jesus, 2035
God, 555555
Maude, 33
Max,35
Rosti,23
Amine,41
Nabil, 50
Jesus, 2035
God, 555555
Maude, 33
Max,35
Rosti,23
Amine,41
Nabil, 50
Jesus, 2035
God, 555555
Maude, 33
Max,35
Rosti,23
Amine,41
Nabil, 50
Jesus, 2035
God, 555555
Maude, 33
Max,35
Rosti,23
Amine,41
Nabil, 50
Jesus, 2035
God, 555555
Maude, 33
Max,35
Rosti,23
Amine,41
Nabil, 50
Jesus, 2035
God, 555555
Maude, 33
Max,35
Rosti,23
Amine,41
Nabil, 50
Jesus, 2035
God, 555555
Maude, 33
Max,35
Rosti,23
Amine,41
Nabil, 50
Jesus, 2035
God, 555555
Maude, 33
Max,35
Rosti,23
Amine,41
Nabil, 50
Jesus, 2035
God, 555555
Maude, 33
Max,35
Rosti,23
Amine,41
Nabil, 50
Jesus, 2035
God, 555555
Maude, 33
Max,35
Rosti,23
Amine,41
Nabil, 50
Jesus, 2035
God, 555555
Maude, 33
Max,35
Rosti,23
Amine,41
Nabil, 50
Jesus, 2035
God, 555555
Maude, 33
Max,35
Rosti,23
Amine,41
Nabil, 50
Jesus, 2035
God, 555555
Maude, 33
Max,35
Rosti,23
Amine,41
Nabil, 50
Jesus, 2035
God, 555555
Maude, 33
Max,35
Rosti,23
Amine,41
Nabil, 50
Jesus, 2035
God, 555555
Maude, 33
Max,35
Rosti,23
Amine,41
Nabil, 50
Jesus, 2035
God, 555555
Maude, 33
Max,35
Rosti,23
Amine,41
Nabil, 50
Jesus, 2035
God, 555555
Maude, 33
Max,35
Rosti,23
Amine,41
Nabil, 50
Jesus, 2035
God, 555555
Maude, 33
Max,35
Rosti,23
Amine,41
Nabil, 50
Jesus, 2035
God, 555555
Maude, 33
Max,35
Rosti,23
Amine,41
Nabil, 50
Jesus, 2035
God, 555555
Maude, 33
Max,35
Rosti,23
Amine,41
Nabil, 50
Jesus, 2035
God, 555555
Maude, 33
Max,35
Rosti,23
Amine,41
Nabil, 50
Jesus, 2035
God, 555555
Maude, 33
Max,35
Rosti,23
Amine,41
Nabil, 50
Jesus, 2035
God, 555555
Maude, 33
Max,35
Rosti,23
Amine,41
Nabil, 50
Jesus, 2035
God, 555555
Maude, 33
Max,35
Rosti,23
Amine,41
Nabil, 50
Jesus, 2035
God, 555555
Maude, 33
Max,35
Rosti,23
Amine,41
Nabil, 50
Jesus, 2035
God, 555555
Maude, 33
Max,35
Rosti,23
Amine,41
Nabil, 50
Jesus, 2035
God, 555555
Maude, 33
Max,35
Rosti,23
Amine,41
Nabil, 50
Jesus, 2035
God, 555555
Maude, 33
Max,35
Rosti,23
Amine,41
Nabil, 50
Jesus, 2035
God, 555555
Maude, 33
Max,35
Rosti,23
Amine,41
Nabil, 50
Jesus, 2035
God, 555555
Maude, 33
Max,35
Rosti,23
Amine,41
Nabil, 50
Jesus, 2035
God, 555555
Maude, 33
Max,35
Rosti,23
Amine,41
Nabil, 50
Jesus, 2035
God, 555555
Maude, 33
Max,35
Rosti,23
Amine,41
Nabil, 50
Jesus, 2035
God, 555555
Maude, 33
Max,35
Rosti,23
Amine,41
Nabil, 50
Jesus, 2035
God, 555555
Maude, 33
Max,35
Rosti,23
Amine,41
Nabil, 50
Jesus, 2035
God, 555555
Maude, 33
Max,35
Rosti,23
Amine,41
Nabil, 50
Jesus, 2035
God, 555555
Maude, 33
Max,35
Rosti,23
Amine,41
Nabil, 50
Jesus, 2035
God, 555555
Maude, 33
Max,35
Rosti,23
Amine,41
Nabil, 50
Jesus, 2035
God, 555555
Maude, 33
Max,35
Rosti,23
Amine,41
Nabil, 50
Jesus, 2035
God, 555555
Maude, 33
Max,35
Rosti,23
Amine,41
Nabil, 50
Jesus, 2035
God, 555555
Maude, 33
Max,35
Rosti,23
Amine,41
Nabil, 50
Jesus, 2035
God, 555555
Maude, 33
Max,35
Rosti,23
Amine,41
Nabil, 50
Jesus, 2035
God, 555555
Maude, 33
Max,35
Rosti,23
Amine,41
Nabil, 50
Jesus, 2035
God, 555555
Maude, 33
Max,35
Rosti,23
Amine,41
Nabil, 50
Jesus, 2035
God, 555555
Maude, 33
Max,35
Rosti,23
Amine,41
Nabil, 50
Jesus, 2035
God, 555555
Maude, 33
Max,35
Rosti,23
Amine,41
Nabil, 50
Jesus, 2035
God, 555555
Maude, 33
Max,35
Rosti,23
Amine,41
Nabil, 50
Jesus, 2035
God, 555555
Maude, 33
Max,35
Rosti,23
Amine,41
Nabil, 50
Jesus, 2035
God, 555555
Maude, 33
Max,35
Rosti,23
Amine,41
Nabil, 50
Jesus, 2035
God, 555555
Maude, 33
Max,35
Rosti,23
Amine,41
Nabil, 50
Jesus, 2035
God, 555555
Maude, 33
Max,35
Rosti,23
Amine,41
Nabil, 50
Jesus, 2035
God, 555555
Maude, 33
Max,35
Rosti,23
Amine,41
Nabil, 50
Jesus, 2035
God, 555555
Maude, 33
Max,35
Rosti,23
Amine,41
Nabil, 50
Jesus, 2035
God, 555555
Maude, 33
Max,35
Rosti,23
Amine,41
Nabil, 50
Jesus, 2035
God, 555555
Maude, 33
Max,35
Rosti,23
Amine,41
Nabil, 50
Jesus, 2035
God, 555555
Maude, 33
Max,35
Rosti,23
Amine,41
Nabil, 50
Jesus, 2035
God, 555555
Maude, 33
Max,35
Rosti,23
Amine,41
Nabil, 50
Jesus, 2035
God, 555555
Maude, 33
Max,35
Rosti,23
Amine,41
Nabil, 50
Jesus, 2035
God, 555555
Maude, 33
Max,35
Rosti,23
Amine,41
Nabil, 50
Jesus, 2035
God, 555555
Maude, 33
Max,35
Rosti,23
Amine,41
Nabil, 50
Jesus, 2035
God, 555555
Maude, 33
Max,35
Rosti,23
Amine,41
Nabil, 50
Jesus, 2035
God, 555555
Maude, 33
Max,35
Rosti,23
Amine,41
Nabil, 50
Jesus, 2035
God, 555555
Maude, 33
Max,35
Rosti,23
Amine,41
Nabil, 50
Jesus, 2035
God, 555555
Maude, 33
Max,35
Rosti,23
Amine,41
Nabil, 50
Jesus, 2035
God, 555555
Maude, 33
Max,35
Rosti,23
Amine,41
Nabil, 50
Jesus, 2035
God, 555555
Maude, 33
Max,35
Rosti,23
Amine,41
Nabil, 50
Jesus, 2035
God, 555555
Maude, 33
Max,35
Rosti,23
Amine,41
Nabil, 50
Jesus, 2035
God, 555555
Maude, 33
Max,35
Rosti,23
Amine,41
Nabil, 50
Jesus, 2035
God, 555555
Maude, 33
Max,35
Rosti,23
Amine,41
Nabil, 50
Jesus, 2035
God, 555555
Maude, 33
Max,35
Rosti,23
Amine,41
Nabil, 50
Jesus, 2035
God, 555555
Maude, 33
Max,35
Rosti,23
Amine,41
Nabil, 50
Jesus, 2035
God, 555555
Maude, 33
Max,35
Rosti,23
Amine,41
Nabil, 50
Jesus, 2035
God, 555555
Maude, 33
Max,35
Rosti,23
Amine,41
Nabil, 50
Jesus, 2035
God, 555555
Maude, 33
Max,35
Rosti,23
Amine,41
Nabil, 50
Jesus, 2035
God, 555555
Maude, 33
Max,35
Rosti,23
Amine,41
Nabil, 50
Jesus, 2035
God, 555555
Maude, 33
Max,35
Rosti,23
Amine,41
Nabil, 50
Jesus, 2035
God, 555555
Maude, 33
Max,35
Rosti,23
Amine,41
Nabil, 50
Jesus, 2035
God, 555555
Maude, 33
Max,35
Rosti,23
Amine,41
Nabil, 50
Jesus, 2035
God, 555555
Maude, 33
Max,35
Rosti,23
Amine,41
Nabil, 50
Jesus, 2035
God, 555555
Maude, 33
Max,35
Rosti,23
Amine,41
Nabil, 50
Jesus, 2035
God, 555555
Maude, 33
Max,35
Rosti,23
Amine,41
Nabil, 50
Jesus, 2035
God, 555555
Maude, 33
Max,35
Rosti,23
Amine,41
Nabil, 50
Jesus, 2035
God, 555555
Maude, 33
Max,35
Rosti,23
Amine,41
Nabil, 50
Jesus, 2035
God, 555555
Maude, 33
Max,35
Rosti,23
Amine,41
Nabil, 50
Jesus, 2035
God, 555555
Maude, 33
Max,35
Rosti,23
Amine,41
Nabil, 50
Jesus, 2035
God, 555555
Maude, 33
Max,35
Rosti,23
Amine,41
Nabil, 50
Jesus, 2035
God, 555555
Maude, 33
Max,35
Rosti,23
Amine,41
Nabil, 50
Jesus, 2035
God, 555555
Maude, 33
Max,35
Rosti,23
Amine,41
Nabil, 50
Jesus, 2035
God, 555555
Maude, 33
Max,35
Rosti,23
Amine,41
Nabil, 50
Jesus, 2035
God, 555555
Maude, 33
Max,35
Rosti,23
Amine,41
Nabil, 50
Jesus, 2035
God, 555555
Maude, 33
Max,35
Rosti,23
Amine,41
Nabil, 50
Jesus, 2035
God, 555555
Maude, 33
Max,35
Rosti,23
Amine,41
Nabil, 50
Jesus, 2035
God, 555555
Maude, 33
Max,35
Rosti,23
Amine,41
Nabil, 50
Jesus, 2035
God, 555555
Maude, 33
Max,35
Rosti,23
Amine,41
Nabil, 50
Jesus, 2035
God, 555555
Maude, 33
Max,35
Rosti,23
Amine,41
Nabil, 50
Jesus, 2035
God, 555555
Maude, 33
Max,35
Rosti,23
Amine,41
Nabil, 50
Jesus, 2035
God, 555555
Maude, 33
Max,35
Rosti,23
Amine,41
Nabil, 50
Jesus, 2035
God, 555555
Maude, 33
Max,35
Rosti,23
Amine,41
Nabil, 50
Jesus, 2035
God, 555555
Maude, 33
Max,35
Rosti,23
Amine,41
Nabil, 50
Jesus, 2035
God, 555555
Maude, 33
Max,35
Rosti,23
Amine,41
Nabil, 50
Jesus, 2035
God, 555555
Maude, 33
Max,35
Rosti,23
Amine,41
Nabil, 50
Jesus, 2035
God, 555555
Maude, 33
Max,35
Rosti,23
Amine,41
Nabil, 50
Jesus, 2035
God, 555555
Maude, 33
Max,35
Rosti,23
Amine,41
Nabil, 50
Jesus, 2035
God, 555555
Maude, 33
Max,35
Rosti,23
Amine,41
Nabil, 50
Jesus, 2035
God, 555555
Maude, 33
Max,35
Rosti,23
Amine,41
Nabil, 50
Jesus, 2035
God, 555555
Maude, 33
Max,35
Rosti,23
Amine,41
Nabil, 50
Jesus, 2035
God, 555555
Maude, 33
Max,35
Rosti,23
Amine,41
Nabil, 50
Jesus, 2035
God, 555555
Maude, 33
Max,35
Rosti,23
Amine,41
Nabil, 50
Jesus, 2035
God, 555555
Maude, 33
Max,35
Rosti,23
Amine,41
Nabil, 50
Jesus, 2035
God, 555555
Maude, 33
Max,35
Rosti,23
Amine,41
Nabil, 50
Jesus, 2035
God, 555555
Maude, 33
Max,35
Rosti,23
Amine,41
Nabil, 50
Jesus, 2035
God, 555555
Maude, 33
Max,35
Rosti,23
Amine,41
Nabil, 50
Jesus, 2035
God, 555555
Maude, 33
Max,35
Rosti,23
Amine,41
Nabil, 50
Jesus, 2035
God, 555555
Maude, 33
Max,35
Rosti,23
Amine,41
Nabil, 50
Jesus, 2035
God, 555555
Maude, 33
Max,35
Rosti,23
Amine,41
Nabil, 50
Jesus, 2035
God, 555555
Maude, 33
Max,35
Rosti,23
Amine,41
Nabil, 50
Jesus, 2035
God, 555555
Maude, 33
Max,35
Rosti,23
Amine,41
Nabil, 50
Jesus, 2035
God, 555555
Maude, 33
Max,35
Rosti,23
Amine,41
Nabil, 50
Jesus, 2035
God, 555555
Maude, 33
Max,35
Rosti,23
Amine,41
Nabil, 50
Jesus, 2035
God, 555555
Maude, 33
Max,35
Rosti,23
Amine,41
Nabil, 50
Jesus, 2035
God, 555555
Maude, 33
Max,35
Rosti,23
Amine,41
Nabil, 50
Jesus, 2035
God, 555555
Maude, 33
Max,35
Rosti,23
Amine,41
Nabil, 50
Jesus, 2035
God, 555555
Maude, 33
Max,35
Rosti,23
Amine,41
Nabil, 50
Jesus, 2035
God, 555555
Maude, 33
Max,35
Rosti,23
Amine,41
Nabil, 50
Jesus, 2035
God, 555555
Maude, 33
Max,35
Rosti,23
Amine,41
Nabil, 50
Jesus, 2035
God, 555555
Maude, 33
Max,35
Rosti,23
Amine,41
Nabil, 50
Jesus, 2035
God, 555555
Maude, 33
Max,35
Rosti,23
Amine,41
Nabil, 50
Jesus, 2035
God, 555555
Maude, 33
Max,35
Rosti,23
Amine,41
Nabil, 50
Jesus, 2035
God, 555555
Maude, 33
Max,35
Rosti,23
Amine,41
Nabil, 50
Jesus, 2035
God, 555555
Maude, 33
Max,35
Rosti,23
Amine,41
Nabil, 50
Jesus, 2035
God, 555555
Maude, 33
Max,35
Rosti,23
Amine,41
Nabil, 50
Jesus, 2035
God, 555555
Maude, 33
Max,35
Rosti,23
Amine,41
Nabil, 50
Jesus, 2035
God, 555555
Maude, 33
Max,35
Rosti,23
Amine,41
Nabil, 50
Jesus, 2035
God, 555555
Maude, 33
Max,35
Rosti,23
Amine,41
Nabil, 50
Jesus, 2035
God, 555555
Maude, 33
Max,35
Rosti,23
Amine,41
Nabil, 50
Jesus, 2035
God, 555555
Maude, 33
Max,35
Rosti,23
Amine,41
Nabil, 50
Jesus, 2035
God, 555555
Maude, 33
Max,35
Rosti,23
Amine,41
Nabil, 50
Jesus, 2035
God, 555555
Maude, 33
Max,35
Rosti,23
Amine,41
Nabil, 50
Jesus, 2035
God, 555555
Maude, 33
Max,35
Rosti,23
Amine,41
Nabil, 50
Jesus, 2035
God, 555555
Maude, 33
Max,35
Rosti,23
Amine,41
Nabil, 50
Jesus, 2035
God, 555555
Maude, 33
Max,35
Rosti,23
Amine,41
Nabil, 50
Jesus, 2035
God, 555555
Maude, 33
Max,35
Rosti,23
Amine,41
Nabil, 50
Jesus, 2035
God, 555555
Maude, 33
Max,35
Rosti,23
Amine,41
Nabil, 50
Jesus, 2035
God, 555555
Maude, 33
Max,35
Rosti,23
Amine,41
Nabil, 50
Jesus, 2035
God, 555555
Maude, 33
Max,35
Rosti,23
Amine,41
Nabil, 50
Jesus, 2035
God, 555555
Maude, 33
Max,35
Rosti,23
Amine,41
Nabil, 50
Jesus, 2035
God, 555555
Maude, 33
Max,35
Rosti,23
Amine,41
Nabil, 50
Jesus, 2035
God, 555555
Maude, 33
Max,35
Rosti,23
Amine,41
Nabil, 50
Jesus, 2035
God, 555555
Maude, 33
Max,35
Rosti,23
Amine,41
Nabil, 50
Jesus, 2035
God, 555555
Maude, 33
Max,35
Rosti,23
Amine,41
Nabil, 50
Jesus, 2035
God, 555555
Maude, 33
Max,35
Rosti,23
Amine,41
Nabil, 50
Jesus, 2035
God, 555555
Maude, 33
Max,35
Rosti,23
Amine,41
Nabil, 50
Jesus, 2035
God, 555555
Maude, 33
Max,35
Rosti,23
Amine,41
Nabil, 50
Jesus, 2035
God, 555555
Maude, 33
Max,35
Rosti,23
Amine,41
Nabil, 50
Jesus, 2035
God, 555555
Maude, 33
Max,35
Rosti,23
Amine,41
Nabil, 50
Jesus, 2035
God, 555555
Maude, 33
Max,35
Rosti,23
Amine,41
Nabil, 50
Jesus, 2035
God, 555555
Maude, 33
Max,35
Rosti,23
Amine,41
Nabil, 50
Jesus, 2035
God, 555555
Maude, 33
Max,35
Rosti,23
Amine,41
Nabil, 50
Jesus, 2035
God, 555555
Maude, 33
Max,35
Rosti,23
Amine,41
Nabil, 50
Jesus, 2035
God, 555555
Maude, 33
Max,35
Rosti,23
Amine,41
Nabil, 50
Jesus, 2035
God, 555555
Maude, 33
Max,35
Rosti,23
Amine,41
Nabil, 50
Jesus, 2035
God, 555555
Maude, 33
Max,35
Rosti,23
Amine,41
Nabil, 50
Jesus, 2035
God, 555555
Maude, 33
Max,35
Rosti,23
Amine,41
Nabil, 50
Jesus, 2035
God, 555555
Maude, 33
Max,35
Rosti,23
Amine,41
Nabil, 50
Jesus, 2035
God, 555555
Maude, 33
Max,35
Rosti,23
Amine,41
Nabil, 50
Jesus, 2035
God, 555555
Maude, 33
Max,35
Rosti,23
Amine,41
Nabil, 50
Jesus, 2035
God, 555555
Maude, 33
Max,35
Rosti,23
Amine,41
Nabil, 50
Jesus, 2035
God, 555555
Maude, 33
Max,35
Rosti,23
Amine,41
Nabil, 50
Jesus, 2035
God, 555555
Maude, 33
Max,35
Rosti,23
Amine,41
Nabil, 50
Jesus, 2035
God, 555555
Maude, 33
Max,35
Rosti,23
Amine,41
Nabil, 50
Jesus, 2035
God, 555555
Maude, 33
Max,35
Rosti,23
Amine,41
Nabil, 50
Jesus, 2035
God, 555555
Maude, 33
Max,35
Rosti,23
Amine,41
Nabil, 50
Jesus, 2035
God, 555555
Maude, 33
Max,35
Rosti,23
Amine,41
Nabil, 50
Jesus, 2035
God, 555555
Maude, 33
Max,35
Rosti,23
Amine,41
Nabil, 50
Jesus, 2035
God, 555555
Maude, 33
Max,35
Rosti,23
Amine,41
Nabil, 50
Jesus, 2035
God, 555555
Maude, 33
Max,35
Rosti,23
Amine,41
Nabil, 50
Jesus, 2035
God, 555555
Maude, 33
Max,35
Rosti,23
Amine,41
Nabil, 50
Jesus, 2035
God, 555555
Maude, 33
Max,35
Rosti,23
Amine,41
Nabil, 50
Jesus, 2035
God, 555555
Maude, 33
Max,35
Rosti,23
Amine,41
Nabil, 50
Jesus, 2035
God, 555555
Maude, 33
Max,35
Rosti,23
Amine,41
Nabil, 50
Jesus, 2035
God, 555555
Maude, 33
Max,35
Rosti,23
Amine,41
Nabil, 50
Jesus, 2035
God, 555555
Maude, 33
Max,35
Rosti,23
Amine,41
Nabil, 50
Jesus, 2035
God, 555555
Maude, 33
Max,35
Rosti,23
Amine,41
Nabil, 50
Jesus, 2035
God, 555555
Maude, 33
Max,35
Rosti,23
Amine,41
Nabil, 50
Jesus, 2035
God, 555555
Maude, 33
Max,35
Rosti,23
Amine,41
Nabil, 50
Jesus, 2035
God, 555555
Maude, 33
Max,35
Rosti,23
Amine,41
Nabil, 50
Jesus, 2035
God, 555555
Maude, 33
Max,35
Rosti,23
Amine,41
Nabil, 50
Jesus, 2035
God, 555555
Maude, 33
Max,35
Rosti,23
Amine,41
Nabil, 50
Jesus, 2035
God, 555555
Maude, 33
Max,35
Rosti,23
Amine,41
Nabil, 50
Jesus, 2035
God, 555555
Maude, 33
Max,35
Rosti,23
Amine,41
Nabil, 50
Jesus, 2035
God, 555555
Maude, 33
Max,35
Rosti,23
Amine,41
Nabil, 50
Jesus, 2035
God, 555555
Maude, 33
Max,35
Rosti,23
Amine,41
Nabil, 50
Jesus, 2035
God, 555555
Maude, 33
Max,35
Rosti,23
Amine,41
Nabil, 50
Jesus, 2035
God, 555555
Maude, 33
Max,35
Rosti,23
Amine,41
Nabil, 50
Jesus, 2035
God, 555555
Maude, 33
Max,35
Rosti,23
Amine,41
Nabil, 50
Jesus, 2035
God, 555555
Maude, 33
Max,35
Rosti,23
Amine,41
Nabil, 50
Jesus, 2035
God, 555555
Maude, 33
Max,35
Rosti,23
Amine,41
Nabil, 50
Jesus, 2035
God, 555555
Maude, 33
Max,35
Rosti,23
Amine,41
Nabil, 50
Jesus, 2035
God, 555555
Maude, 33
Max,35
Rosti,23
Amine,41
Nabil, 50
Jesus, 2035
God, 555555
Maude, 33
Max,35
Rosti,23
Amine,41
Nabil, 50
Jesus, 2035
God, 555555
Maude, 33
Max,35
Rosti,23
Amine,41
Nabil, 50
Jesus, 2035
God, 555555
Maude, 33
Max,35
Rosti,23
Amine,41
Nabil, 50
Jesus, 2035
God, 555555
Maude, 33
Max,35
Rosti,23
Amine,41
Nabil, 50
Jesus, 2035
God, 555555
Maude, 33
Max,35
Rosti,23
Amine,41
Nabil, 50
Jesus, 2035
God, 555555
Maude, 33
Max,35
Rosti,23
Amine,41
Nabil, 50
Jesus, 2035
God, 555555
Maude, 33
Max,35
Rosti,23
Amine,41
Nabil, 50
Jesus, 2035
God, 555555
Maude, 33
Max,35
Rosti,23
Amine,41
Nabil, 50
Jesus, 2035
God, 555555
Maude, 33
Max,35
Rosti,23
Amine,41
Nabil, 50
Jesus, 2035
God, 555555
Maude, 33
Max,35
Rosti,23
Amine,41
Nabil, 50
Jesus, 2035
God, 555555
Maude, 33
Max,35
Rosti,23
Amine,41
Nabil, 50
Jesus, 2035
God, 555555
Maude, 33
Max,35
Rosti,23
Amine,41
Nabil, 50
Jesus, 2035
God, 555555
Maude, 33
Max,35
Rosti,23
Amine,41
Nabil, 50
Jesus, 2035
God, 555555
Maude, 33
Max,35
Rosti,23
Amine,41
Nabil, 50
Jesus, 2035
God, 555555
Maude, 33
Max,35
Rosti,23
Amine,41
Nabil, 50
Jesus, 2035
God, 555555
Maude, 33
Max,35
Rosti,23
Amine,41
Nabil, 50
Jesus, 2035
God, 555555
Maude, 33
Max,35
Rosti,23
Amine,41
Nabil, 50
Jesus, 2035
God, 555555
Maude, 33
Max,35
Rosti,23
Amine,41
Nabil, 50
Jesus, 2035
God, 555555
Maude, 33
Max,35
Rosti,23
Amine,41
Nabil, 50
Jesus, 2035
God, 555555
Maude, 33
Max,35
Rosti,23
Amine,41
Nabil, 50
Jesus, 2035
God, 555555
Maude, 33
Max,35
Rosti,23
Amine,41
Nabil, 50
Jesus, 2035
God, 555555
Maude, 33
Max,35
Rosti,23
Amine,41
Nabil, 50
Jesus, 2035
God, 555555
Maude, 33
Max,35
Rosti,23
Amine,41
Nabil, 50
Jesus, 2035
God, 555555
Maude, 33
Max,35
Rosti,23
Amine,41
Nabil, 50
Jesus, 2035
God, 555555
Maude, 33
Max,35
Rosti,23
Amine,41
Nabil, 50
Jesus, 2035
God, 555555
Maude, 33
Max,35
Rosti,23
Amine,41
Nabil, 50
Jesus, 2035
God, 555555
Maude, 33
Max,35
Rosti,23
Amine,41
Nabil, 50
Jesus, 2035
God, 555555
Maude, 33
Max,35
Rosti,23
Amine,41
Nabil, 50
Jesus, 2035
God, 555555
Maude, 33
Max,35
Rosti,23
Amine,41
Nabil, 50
Jesus, 2035
God, 555555
Maude, 33
Max,35
Rosti,23
Amine,41
Nabil, 50
Jesus, 2035
God, 555555
Maude, 33
Max,35
Rosti,23
Amine,41
Nabil, 50
Jesus, 2035
God, 555555
Maude, 33
Max,35
Rosti,23
Amine,41
Nabil, 50
Jesus, 2035
God, 555555
Maude, 33
Max,35
Rosti,23
Amine,41
Nabil, 50
Jesus, 2035
God, 555555
Maude, 33
Max,35
Rosti,23
Amine,41
Nabil, 50
Jesus, 2035
God, 555555
Maude, 33
Max,35
Rosti,23
Amine,41
Nabil, 50
Jesus, 2035
God, 555555
Maude, 33
Max,35
Rosti,23
Amine,41
Nabil, 50
Jesus, 2035
God, 555555
Maude, 33
Max,35
Rosti,23
Amine,41
Nabil, 50
Jesus, 2035
God, 555555
Maude, 33
Max,35
Rosti,23
Amine,41
Nabil, 50
Jesus, 2035
God, 555555
Maude, 33
Max,35
Rosti,23
Amine,41
Nabil, 50
Jesus, 2035
God, 555555
Maude, 33
Max,35
Rosti,23
Amine,41
Nabil, 50
Jesus, 2035
God, 555555
Maude, 33
Max,35
Rosti,23
Amine,41
Nabil, 50
Jesus, 2035
God, 555555
Maude, 33
Max,35
Rosti,23
Amine,41
Nabil, 50
Jesus, 2035
God, 555555
Maude, 33
Max,35
Rosti,23
Amine,41
Nabil, 50
Jesus, 2035
God, 555555
Maude, 33
Max,35
Rosti,23
Amine,41
Nabil, 50
Jesus, 2035
God, 555555
Maude, 33
Max,35
Rosti,23
Amine,41
Nabil, 50
Jesus, 2035
God, 555555
Maude, 33
Max,35
Rosti,23
Amine,41
Nabil, 50
Jesus, 2035
God, 555555
Maude, 33
Max,35
Rosti,23
Amine,41
Nabil, 50
Jesus, 2035
God, 555555
Maude, 33
Max,35
Rosti,23
Amine,41
Nabil, 50
Jesus, 2035
God, 555555
Maude, 33
Max,35
Rosti,23
Amine,41
Nabil, 50
Jesus, 2035
God, 555555
Maude, 33
Max,35
Rosti,23
Amine,41
Nabil, 50
Jesus, 2035
God, 555555
Maude, 33
Max,35
Rosti,23
Amine,41
Nabil, 50
Jesus, 2035
God, 555555
Maude, 33
Max,35
Rosti,23
Amine,41
Nabil, 50
Jesus, 2035
God, 555555
Maude, 33
Max,35
Rosti,23
Amine,41
Nabil, 50
Jesus, 2035
God, 555555
Maude, 33
Max,35
Rosti,23
Amine,41
Nabil, 50
Jesus, 2035
God, 555555
Maude, 33
Max,35
Rosti,23
Amine,41
Nabil, 50
Jesus, 2035
God, 555555
Maude, 33
Max,35
Rosti,23
Amine,41
Nabil, 50
Jesus, 2035
God, 555555
Maude, 33
Max,35
Rosti,23
Amine,41
Nabil, 50
Jesus, 2035
God, 555555
Maude, 33
Max,35
Rosti,23
Amine,41
Nabil, 50
Jesus, 2035
God, 555555
Maude, 33
Max,35
Rosti,23
Amine,41
Nabil, 50
Jesus, 2035
God, 555555
Maude, 33
Max,35
Rosti,23
Amine,41
Nabil, 50
Jesus, 2035
God, 555555
Maude, 33
Max,35
Rosti,23
Amine,41
Nabil, 50
Jesus, 2035
God, 555555
Maude, 33
Max,35
Rosti,23
Amine,41
Nabil, 50
Jesus, 2035
God, 555555
Maude, 33
Max,35
Rosti,23
Amine,41
Nabil, 50
Jesus, 2035
God, 555555
Maude, 33
Max,35
Rosti,23
Amine,41
Nabil, 50
Jesus, 2035
God, 555555
Maude, 33
Max,35
Rosti,23
Amine,41
Nabil, 50
Jesus, 2035
God, 555555
Maude, 33
Max,35
Rosti,23
Amine,41
Nabil, 50
Jesus, 2035
God, 555555
Maude, 33
Max,35
Rosti,23
Amine,41
Nabil, 50
Jesus, 2035
God, 555555
Maude, 33
Max,35
Rosti,23
Amine,41
Nabil, 50
Jesus, 2035
God, 555555
Maude, 33
Max,35
Rosti,23
Amine,41
Nabil, 50
Jesus, 2035
God, 555555
Maude, 33
Max,35
Rosti,23
Amine,41
Nabil, 50
Jesus, 2035
God, 555555
Maude, 33
Max,35
Rosti,23
Amine,41
Nabil, 50
Jesus, 2035
God, 555555
Maude, 33
Max,35
Rosti,23
Amine,41
Nabil, 50
Jesus, 2035
God, 555555
Maude, 33
Max,35
Rosti,23
Amine,41
Nabil, 50
Jesus, 2035
God, 555555
Maude, 33
